Workbook

Sheet Grid++Report
A1: 长沙申大科技有限公司消费数据分餐日统计(自定义汇总项)
H2: 2025-10-01 00:00:00 - 2025-10-31 23:59:59
A3: 部门名称 | C3: 人员编号 | D3: 姓名 | E3: 总次数 | F3: 总金额 | G3: 设备 | J3: 餐段
G4: 总次数 | I4: 总金额 | J4: 早餐次数 | K4: 早餐金额 | L4: 午餐次数 | N4: 午餐金额 | O4: 晚餐次数 | P4: 晚餐金额 | Q4: 夜宵次数 | R4: 夜宵金额
A5: 财务部 | C5: 000002 | D5: 陈旭群 | E5: 14 | F5: ￥56.00 | G5: 14 | I5: ￥56.00 | J5: 0 | K5: ￥0.00 | L5: 14 | N5: ￥56.00 | O5: 0 | P5: ￥0.00 | Q5: 0 | R5: ￥0.00
A6: 人事行政部 | C6: 000010 | D6: 李柯 | E6: 19 | F6: ￥37.00 | G6: 19 | I6: ￥37.00 | J6: 1 | K6: ￥1.00 | L6: 18 | N6: ￥36.00 | O6: 0 | P6: ￥0.00 | Q6: 0 | R6: ￥0.00
A7: 模具厂 | C7: 000097 | D7: 李旺连 | E7: 47 | F7: ￥120.00 | G7: 47 | I7: ￥120.00 | J7: 0 | K7: ￥0.00 | L7: 25 | N7: ￥56.00 | O7: 22 | P7: ￥64.00 | Q7: 0 | R7: ￥0.00
A8: 注塑二厂 | C8: 000174 | D8: 张杰 | E8: 44 | F8: ￥134.00 | G8: 44 | I8: ￥134.00 | J8: 0 | K8: ￥0.00 | L8: 25 | N8: ￥76.00 | O8: 19 | P8: ￥58.00 | Q8: 0 | R8: ￥0.00
A9: 注塑一厂 | C9: 000183 | D9: 周新良 | E9: 95 | F9: ￥177.00 | G9: 95 | I9: ￥177.00 | J9: 13 | K9: ￥13.00 | L9: 29 | N9: ￥58.00 | O9: 27 | P9: ￥54.00 | Q9: 26 | R9: ￥52.00
A10: 模具厂 | C10: 000192 | D10: 马迪军 | E10: 78 | F10: ￥185.00 | G10: 78 | I10: ￥185.00 | J10: 25 | K10: ￥25.00 | L10: 24 | N10: ￥78.00 | O10: 25 | P10: ￥74.00 | Q10: 4 | R10: ￥8.00
A11: 综合二厂 | C11: 000210 | D11: 王鹏 | E11: 50 | F11: ￥100.00 | G11: 50 | I11: ￥100.00 | J11: 0 | K11: ￥0.00 | L11: 25 | N11: ￥50.00 | O11: 25 | P11: ￥50.00 | Q11: 0 | R11: ￥0.00
A12: 模具厂 | C12: 000242 | D12: 周小利 | E12: 55 | F12: ￥97.00 | G12: 55 | I12: ￥97.00 | J12: 13 | K12: ￥13.00 | L12: 19 | N12: ￥38.00 | O12: 23 | P12: ￥46.00 | Q12: 0 | R12: ￥0.00
A13: 注塑三厂 | C13: 000301 | D13: 唐利平 | E13: 44 | F13: ￥92.00 | G13: 44 | I13: ￥92.00 | J13: 10 | K13: ￥10.00 | L13: 16 | N13: ￥46.00 | O13: 16 | P13: ￥32.00 | Q13: 2 | R13: ￥4.00
A14: 综合厂 | C14: 000368 | D14: 王祝娥 | E14: 43 | F14: ￥69.00 | G14: 43 | I14: ￥69.00 | J14: 19 | K14: ￥19.00 | L14: 13 | N14: ￥28.00 | O14: 9 | P14: ￥18.00 | Q14: 2 | R14: ￥4.00
A15: 模具厂 | C15: 000390 | D15: 李冠杰 | E15: 23 | F15: ￥55.00 | G15: 23 | I15: ￥55.00 | J15: 5 | K15: ￥5.00 | L15: 18 | N15: ￥50.00 | O15: 0 | P15: ￥0.00 | Q15: 0 | R15: ￥0.00
A16: 注塑三厂 | C16: 000432 | D16: 邓雪梅 | E16: 55 | F16: ￥138.00 | G16: 55 | I16: ￥138.00 | J16: 8 | K16: ￥8.00 | L16: 15 | N16: ￥54.00 | O16: 24 | P16: ￥60.00 | Q16: 8 | R16: ￥16.00
... A251: 财务部 | C251: 100699 | D251: 刘敏 | E251: 16 | F251: ￥32.00 | G251: 16 | I251: ￥32.00 | J251: 0 | K251: ￥0.00 | L251: 16 | N251: ￥32.00 | O251: 0 | P251: ￥0.00 | Q251: 0 | R251: ￥0.00
A252: 合计 | E252: 9691 | F252: ￥20,587.00 | G252: 9691 | I252: ￥20,587.00 | J252: 2383 | K252: ￥2,383.00 | L252: 3755 | N252: ￥10,070.00 | O252: 2735 | P252: ￥6,498.00 | Q252: 818 | R252: ￥1,636.00

Sheet 10月消费统计
A3: 行标签 | B3: 早餐次数 | C3: 午餐次数 | D3: 晚餐次数 | E3: 夜宵次数 | F3: 早餐金额 | G3: 午餐金额 | H3: 晚餐金额 | I3: 夜宵金额 | J3: 金额合计
A4: CNC加工 | B4: 33 | C4: 27 | D4: 5 | E4: 5 | F4: 66 | G4: 162 | H4: 30 | I4: 30 | J4: 288
A5: CNC加工-劳务 | B5: 47 | C5: 78 | D5: 43 | E5: 16 | F5: 94 | G5: 468 | H5: 258 | I5: 96 | J5: 916
A6: EDM | B6: 0 | C6: 24 | D6: 17 | E6: 0 | F6: 0 | G6: 144 | H6: 102 | I6: 0 | J6: 246
A7: EDM-劳务 | B7: 30 | C7: 23 | D7: 32 | E7: 16 | F7: 60 | G7: 138 | H7: 192 | I7: 96 | J7: 486
A8: 包覆 | B8: 62 | C8: 63 | D8: 42 | E8: 0 | F8: 124 | G8: 378 | H8: 252 | I8: 0 | J8: 754
A9: 财务部 | B9: 6 | C9: 120 | D9: 0 | E9: 0 | F9: 12 | G9: 720 | H9: 0 | I9: 0 | J9: 732
A10: 采购部 | B10: 0 | C10: 44 | D10: 0 | E10: 0 | F10: 0 | G10: 264 | H10: 0 | I10: 0 | J10: 264
A11: 缝纫 | B11: 4 | C11: 9 | D11: 2 | E11: 2 | F11: 8 | G11: 54 | H11: 12 | I11: 12 | J11: 86
A12: 工模厂 | B12: 7 | C12: 95 | D12: 0 | E12: 0 | F12: 14 | G12: 570 | H12: 0 | I12: 0 | J12: 584
A13: 工模设计部 | B13: 5 | C13: 53 | D13: 24 | E13: 0 | F13: 10 | G13: 318 | H13: 144 | I13: 0 | J13: 472
A14: 工模设计部-劳务 | B14: 23 | C14: 24 | D14: 19 | E14: 0 | F14: 46 | G14: 144 | H14: 114 | I14: 0 | J14: 304
A15: 人事行政部 | B15: 9 | C15: 127 | D15: 60 | E15: 0 | F15: 18 | G15: 762 | H15: 360 | I15: 0 | J15: 1140
... A38: 总计 | B38: 2383 | C38: 3755 | D38: 2735 | E38: 818 | F38: 4766 | G38: 22530 | H38: 16410 | I38: 4908 | J38: 48614

Sheet 消费明细
A1: 部门名称 | B1: 空白 | C1: 人员编号 | D1: 姓名 | E1: 早餐次数 | F1: 午餐次数 | G1: 晚餐次数 | H1: 夜宵次数 | I1: 成本中心
A2: 财务部 | C2: 000002 | D2: 陈旭群 | E2: 0 | F2: 14 | G2: 0 | H2: 0 | I2: =VLOOKUP(D2,成本中心!A:F,6,) -> 财务部
A3: 人事行政部 | C3: 000010 | D3: 李柯 | E3: 1 | F3: 18 | G3: 0 | H3: 0 | I3: =VLOOKUP(D3,成本中心!A:F,6,) -> 人事行政部
A4: 模具厂 | C4: 000097 | D4: 李旺连 | E4: 0 | F4: 25 | G4: 22 | H4: 0 | I4: =VLOOKUP(D4,成本中心!A:F,6,) -> 制作三组
A5: 注塑二厂 | C5: 000174 | D5: 张杰 | E5: 0 | F5: 25 | G5: 19 | H5: 0 | I5: =VLOOKUP(D5,成本中心!A:F,6,) -> 注塑厂间接
A6: 注塑一厂 | C6: 000183 | D6: 周新良 | E6: 13 | F6: 29 | G6: 27 | H6: 26 | I6: =VLOOKUP(D6,成本中心!A:F,6,) -> 注塑厂间接
A7: 模具厂 | C7: 000192 | D7: 马迪军 | E7: 25 | F7: 24 | G7: 25 | H7: 4 | I7: =VLOOKUP(D7,成本中心!A:F,6,) -> 制作三组
A8: 综合二厂 | C8: 000210 | D8: 王鹏 | E8: 0 | F8: 25 | G8: 25 | H8: 0 | I8: =VLOOKUP(D8,成本中心!A:F,6,) -> 组装
A9: 模具厂 | C9: 000242 | D9: 周小利 | E9: 13 | F9: 19 | G9: 23 | H9: 0 | I9: =VLOOKUP(D9,成本中心!A:F,6,) -> 省模
A10: 注塑三厂 | C10: 000301 | D10: 唐利平 | E10: 10 | F10: 16 | G10: 16 | H10: 2 | I10: =VLOOKUP(D10,成本中心!A:F,6,) -> 注塑厂间接
A11: 综合厂 | C11: 000368 | D11: 王祝娥 | E11: 19 | F11: 13 | G11: 9 | H11: 2 | I11: =VLOOKUP(D11,成本中心!A:F,6,) -> 综合AD05线
A12: 模具厂 | C12: 000390 | D12: 李冠杰 | E12: 5 | F12: 18 | G12: 0 | H12: 0 | I12: =VLOOKUP(D12,成本中心!A:F,6,) -> 工模厂
A13: 注塑三厂 | C13: 000432 | D13: 邓雪梅 | E13: 8 | F13: 15 | G13: 24 | H13: 8 | I13: =VLOOKUP(D13,成本中心!A:F,6,) -> 注塑厂直接
... A248: 财务部 | C248: 100699 | D248: 刘敏 | E248: 0 | F248: 16 | G248: 0 | H248: 0 | I248: =VLOOKUP(D248,成本中心!A:F,6,) -> 财务部

Sheet 成本中心
A1: 姓名 | B1: 工号 | C1: 性别 | D1: 部门 | E1: 班组 | F1: 成本中心 | G1: 性质 | H1: 职位
A2: 王民强 | B2: 000001 | C2: 男 | D2: 总经办 | E2: 总经办 | F2: 总经办 | G2: 间接/月薪 | H2: 董事长
A3: 陈旭群 | B3: 000002 | C3: 女 | D3: 财务部 | E3: 财务部 | F3: 财务部 | G3: 间接/月薪 | H3: 副总经理
A4: 肖畅 | B4: 000003 | C4: 女 | D4: 总经办 | E4: 总经办 | F4: 总经办 | G4: 间接/月薪 | H4: 董事长
A5: 李柯 | B5: 000010 | C5: 男 | D5: 人事行政部 | E5: IT | F5: 人事行政部 | G5: 间接/月薪 | H5: 主管
A6: 李旺连 | B6: 000097 | C6: 男 | D6: 模具车间 | E6: 制作三组 | F6: 制作三组 | G6: 直接 | H6: 修模组长
A7: 张杰 | B7: 000174 | C7: 男 | D7: 注塑车间 | E7: 现场管理 | F7: 注塑厂间接 | G7: 间接 | H7: 主管
A8: 周新良 | B8: 000183 | C8: 男 | D8: 注塑车间 | E8: 物料 | F8: 注塑厂间接 | G8: 间接 | H8: 破碎员
A9: 王鹏 | B9: 000210 | C9: 男 | D9: 综合车间 | E9: 组装 | F9: 组装 | G9: 直接 | H9: 操作工
A10: 周小利 | B10: 000242 | C10: 女 | D10: 模具车间 | E10: 省模 | F10: 省模 | G10: 直接 | H10: 省模组长
A11: 唐利平 | B11: 000301 | C11: 女 | D11: 注塑车间 | E11: B班 | F11: 注塑厂间接 | G11: 间接 | H11: 线长
A12: 邓雪梅 | B12: 000432 | C12: 女 | D12: 注塑车间 | E12: B班 | F12: 注塑厂直接 | G12: 直接 | H12: 操作工
... A223: 王冬生 | B223: 008339 | C223: 男 | D223: 注塑车间 | E223: A班 | F223: 注塑厂直接-劳务 | G223: 直接 | H223: 劳务操作工
A224: 王卫新 | B224: 008101 | C224: 男 | E224: 行政 | F224: 人事行政部 | G224: 间接 | H224: 员工
A225: 彭亚林 | C225: 男 | E225: 行政 | F225: 人事行政部 | G225: 间接 | H225: 苏州工厂经理
A226: 刘思 | C226: 女 | E226: 驻厂 | F226: 质量部-劳务 | G226: 间接 | H226: 劳务操作工
A227: 刘立军 | B227: 008304 | C227: 男 | D227: 注塑车间 | E227: B班 | F227: 注塑厂直接-劳务 | G227: 直接 | H227: 作业员
A228: 姚元琼 | B228: 008301 | C228: 女 | D228: 注塑车间 | E228: B班 | F228: 注塑厂直接-劳务 | G228: 直接 | H228: 劳务操作工
A229: 欧阳燕梅 | B229: 008283 | C229: 女 | D229: 注塑车间 | E229: A班 | F229: 注塑厂直接-劳务 | G229: 直接 | H229: 劳务操作工
A230: 邹子安 | B230: 008308 | C230: 男 | D230: 质量部 | E230: QE | F230: 质量部 | G230: 间接 | H230: 助理QE
A231: 陆忠佰 | B231: 008309 | C231: 男 | D231: 注塑车间 | E231: B班 | F231: 注塑厂直接-劳务 | G231: 直接 | H231: 作业员
A232: 陈新江 | B232: 008310 | C232: 男 | D232: 注塑车间 | E232: B班 | F232: 注塑厂直接-劳务 | G232: 直接 | H232: 作业员
A233: 喻爱民 | B233: 008235 | C233: 男 | D233: 注塑车间 | E233: A班 | F233: 注塑厂直接-劳务 | G233: 直接 | H233: 劳务操作工
A234: 宋润来 | B234: 008255 | C234: 男 | D234: 综合车间 | E234: AD05 | F234: 综合AD05线-劳务 | G234: 直接 | H234: 劳务操作工
A235: 朱明婵 | B235: 008318 | C235: 女 | D235: 注塑车间 | E235: A班 | F235: 注塑厂直接-劳务 | G235: 直接 | H235: 劳务操作工
A236: 陶美香 | B236: 008319 | C236: 女 | D236: 注塑车间 | E236: A班 | F236: 注塑厂直接-劳务 | G236: 直接 | H236: 劳务操作工
A237: 高孝海 | B237: 008299 | C237: 男 | D237: 注塑车间 | E237: B班 | F237: 注塑厂直接-劳务 | G237: 直接 | H237: 劳务操作工
A238: 王先花 | B238: 008300 | C238: 女 | D238: 注塑车间 | E238: B班 | F238: 注塑厂直接-劳务 | G238: 直接 | H238: 劳务操作工
... A258: 黄丰衡 | B258: 008188 | C258: 男 | D258: 项目工程部 | E258: 项目 | F258: 项目2部 | G258: 间接 | H258: 劳务/助理工程师
A259: 张小军 | F259: 制作一组
A260: 关元妹 | F260: 注塑厂直接-劳务
A261: 舒涵 | F261: 综合AD05线-劳务
A262: 杨晚花 | F262: 综合AD05线-劳务
